permit_id,company,contact,address,town,state,phone,permit_year,waste_types,bear_resistant,service_area
2491,802 Clean Out Services LLC,Mike Heath,188 McMullen Rd,Milton,VT,8023387169,2025,HS,No,&nbsp;
2774,802 Dumpster Rental LLC DBA Vermont Dumpster Rentals,Taylor Lovely,112 West Street,Essex Junction,VT,8025039400,2025,S,No,&nbsp;
2276,9063-3314 Quebec Inc.,"Dany Gaucher, President",8970 De La Pointe Du Jour,St-Hyacinthe,QC,4502234262,2025,SR,No,&nbsp;
2275,9106-9971 Quebec Inc.,"Lily Pinard, President",419 Rue Dupont,St-Dominique,QC,450-223-4262,2025,SR,No,&nbsp;
2419,"A&amp;D Excavating, LLC",Dylan Gendron,1036 South Richford Road,Richford,VT,8023702194,2025,R,No,&nbsp;
6,"A.B.L.E. Waste Management, Inc.",Arthur Lynds &amp; Benjamin Lynds,1515 Lynds Hill Road,Plymouth,VT,8026723569,2025,S,Yes,&nbsp;
790,"A.C. Wright, LLC dba Clark-Wright Septic Service",Chad E. Wright,1577 Burpee Road,Bristol,VT,8024533108,2025,R,No,&nbsp;
9,"A-1 Sewer &amp; Drain Service, Inc.",Nick &amp; Jaymie Rudenis,46 Walker Mt. Rd.,No. Clarendon,VT,8024385722,2025,R,No,&nbsp;
559,"A1, Inc.",Erin Scott,28 Cross Road,Clarksburg,MA,413-663-8351,2025,R,No,&nbsp;
2290,Aaron B. Lane dba GIT-R-GONE Rubbish &amp; Recycling,Aaron B. Lane,836 Old Harbour Road,Woodford,VT,8024510727,2025,S,No,&nbsp;
2664,Aaron&#39;s Cleanouts LTD. CO.,Fletcher Loomis,133 Northside Drive,Bennington,VT,8026884797,2025,S,No,&nbsp;
2261,Abanaki Inc.,"Christine Maseroni, President",3036 US Rt 7,Pittsford,VT,8024839900,2025,S,No,&nbsp;
2225,"Absolute Spill Response, LLC",Melissa Audy,21 Metro Way,Barre,VT,8022422011,2025,HS,No,&nbsp;
2172,"Acker Waste Management, LLC",Wade Acker,11 B Liberty St,Bristol,VT,8024536701,2025,S,No,&nbsp;
673,ACSWMD (Addison County Solid Waste Management District),Donald Maglienti,1223 Route 7 S,Middlebury,VT,8023882333,2025,S,No,&nbsp;
612,ACV Environmental Services Inc,Lorena Mercado,928 East Hazelwood Avenue,Rahway,NJ,7323759988,2025,HS,No,&nbsp;
2243,Adam Stone Trucking LLC,"Adam Stone, Owner",211 Martin Road,Williamstown,VT,8024772799,2025,S,No,&nbsp;
2722,"Adams Trucking &amp; Excavating, Inc.",Hayley Cummings,P.O. Box 133,Westminster,VT,8024632213,2025,S,No,&nbsp;
911,Aftermath Services LLC,Michael Vena,"75 Executive Drive, Suite 200",Aurora,IL,630-423-4278,2025,SM,No,&nbsp;
2214,Agri-Cycle Energy LLC,Evan LaPointe,"500 Southborough Drive, Suite 106",South Portland,ME,8008509560,2025,S,No,&nbsp;
2184,Alan Butler dba A &amp; D Trucking,Alan Butler,94 Holy Moly Heights,Irasburg,VT,8027542993,2025,SM,No,&nbsp;
21,Alan Partridge dba Alan Partridge Enterprises,Alan Partridge,1612 Old Cheney Road,Windham,VT,8028747043,2025,S,Unknown,&nbsp;
2209,Albert H. Jackson dba Green Mountain Services,Albert H. Jackson,PO Box 255,Hartford,VT,8023563214,2025,S,No,&nbsp;
642,"All Metals Recycling, Inc.",Rachel Towns,PO Box 497,Hardwick,VT,8024725100,2025,SR,No,&nbsp;
798,All Seasons Excavating &amp; Landscaping Inc,Robby Mazza,PO Box 96,Colchester,VT,8026553976,2025,S,No,&nbsp;
1105,"Allard&#39;s Portable Toilets, LLC",Tyler Allard,386 Unity Stage Road,Charlestown,NH,6034773096,2025,R,No,&nbsp;
841,All-Clean Waste Services LLC,Eric Davis,PO Box 209,Northfield,VT,8024854210,2025,S,No,&nbsp;
2745,"Allens Affordable Roll-Off, Inc.",Tracy Miner,34 A East Main Street,Millers Falls,MA,4137747774,2025,S,No,&nbsp;
787,All-Out Waste Management LLC,BJ Mazzola,2941 VT Route 7A,Shaftsbury,VT,8024425064,2025,R,No,&nbsp;
2139,"Allstate O.R.C., Inc.",STEVEN WARDEN,473 HAMBURG TURNPIKE,West Milford,NJ,9736963122,2025,HS,No,&nbsp;
824,"Alva Waste Services, LLC",Matthew Priestley,1050 Charlestown Rd,Springfield,VT,8028852994,2025,S,Yes,&nbsp;
1090,"American Environmental, Inc.",Layla H Bermejo- Verdugo,18 Canal Street,Holyoke,MA,413-322-7190,2025,S,No,&nbsp;
663,"American Retroworks, Inc. dba Good Point Recycling",Robin Ingenthron,Box 1010,Middlebury,VT,8023828500,2025,SH,No,&nbsp;
2657,Angela Walton,ANGELA A WALTON,PO Box 1074,Derby,VT,6033122587,2025,S,No,&nbsp;
906,"Approved Storage &amp; Waste Hauling NE, Inc.",Charles Dippolito Jr.,110 Edison Avenue,Mt. Vernon,NY,888-388-2525,2025,HSM,No,&nbsp;
241,"Arcwood Transport, LLC",Paula Monske,1626 Research Way,Indianapolis,IN,3305071823,2025,HSM,No,&nbsp;
193,"Arcwood Transport-Niagara, LLC",Susan Abraham,1717 New Rd.,Niagara Falls,NY,7162842199,2025,HS,No,&nbsp;
1028,Arlin Goodwin dba Goodwin&#39;s Trucking,Arlin Goodwin,88 Kelsey Mountain Road,Randolph Center,VT,8022912732,2025,S,No,&nbsp;
703,"Associated Building Wreckers, Inc.",Jennifer Jodoin/Andrew Mirkin,352 Albany Street,Springfield,MA,4137323179,2025,S,No,&nbsp;
754,"B &amp; D Associates, Inc.",Kevin Fischer,PO Box 598,Concord,NH,6032241157,2025,HSM,No,&nbsp;
1052,"B.K. Services, LLC",Bradley Thomas Keith,165 Hardway Lane,Florence,VT,802-779-2950,2025,S,No,&nbsp;
1030,"Baker Commodities, Inc.",Shawn Ordway,PO Box 132,North Billerica,MA,9786547724,2025,S,No,&nbsp;
2684,"Bannister Roofing/Siding, Inc. DBA BCE Containers",Kevin Bannister,91 Morse Drive,Fairfax,VT,8028627850,2025,S,No,&nbsp;
897,"Barkus Excavating, LLC",Cindy Bartosewcz,1549 King Hill Road,Readsboro,VT,802-423-7004,2025,S,No,&nbsp;
47,"Barre Septic Service, LLC",Lindsi Hull,PO Box 246,Graniteville,VT,8024767980,2025,R,No,&nbsp;
959,"Barrett Trucking Co., Inc.",Joseph Barrett,16 Austin Drive,Burlington,VT,8028631311,2025,RSM,No,&nbsp;
967,"Bazin Brothers Trucking, Inc.",Meagan Day,2425 Back Westminster Road,Westminster,VT,802-463-2077,2025,HS,No,&nbsp;
809,"BDS Tire Recycling, Inc.",Accounts Payable,PO Box 319,Fairfield,ME,207-278-3833,2025,S,No,&nbsp;
50,"Bear Dog Enterprises, LLC",James Danyow,1050 Route 7 South,Middlebury,VT,8023882652,2025,RS,No,&nbsp;
51,"Beattie Enterprises, Inc.",Shane M. Beattie,PO Box 26,Lancaster,NH,6037884035,2025,RS,No,&nbsp;
512,Bed Rock Inc (dba Tri-State Motor Transit Co),Sharon Bell / Donnie Lester,8141 E 7TH STREET,Joplin,MO,4176212658,2025,H,No,&nbsp;
2672,"Belden Construction, LLC",Ken Lougee,15 Belden Road,Rutland,VT,8027739004,2025,HSR,No,&nbsp;
2424,Bergeron Septic LLC dba McKenzie Septic,Tina Bergeron,21 Grissom Lane,Claremont,NH,6035425085,2025,R,No,&nbsp;
847,"Best Septic Service, LLC",Lisa Ruggiero,"5983 US Route 5, Suite A",Westminster,VT,8024639444,2025,R,No,&nbsp;
2527,"Bio-Med Innovations, LLC dba New England MedWaste","Matthew Nekoroski, CEO","30 Log Bridge Road, Bldg 100 Ste 108",Middleton,MA,8006114930,2025,&nbsp;,No,&nbsp;
765,"Bionomics, Inc.","Leyla Coleman, Admin. Asst.",PO Box 817,Kingston,TN,8652208501,2025,H,No,&nbsp;
2118,"BioYork, LLC",Joel Sofer,"1444 E. Lackawanna Ave., Ste. 216",Olyphant,PA,5704162700,2025,MS,Unknown,&nbsp;
2411,Black Bear Biodiesel LLC,James Malloy,45 Cutler Heights,East Montpelier,VT,8029992380,2025,S,Yes,&nbsp;
993,"Black Dirt Farm, LLC",Tom Gilbert,393 Stannard Mountain Road,Greensboro Bend,VT,8025337033,2025,S,Yes,&nbsp;
2677,Black Dog Septic LLC,Kyle Lizotte,707 Calavant Hill Road,Charlestown,NH,6034771866,2025,R,No,&nbsp;
61,"Blair&#39;s Trucking, Inc.",Dora Roberts-Wing,PO Box 444,Alburgh,VT,8027963282,2025,S,No,&nbsp;
2386,"Blanc &amp; Bailey Construction, Inc.",Kathi Dixey,18 Depot Street,Charlestown,NH,6038264626,2025,S,No,&nbsp;
2410,Blanchard Contracting Ltd Co,Rebekah &quot;Bekki&quot; Potter,1255 US RT 5 N,Windsor,VT,8026742047,2025,HS,No,&nbsp;
2562,BMG Trash Removal &amp; Recycling LLC,Heath Fitzpatrick,646 Fitts Rd,Wardsboro,VT,8023808183,2025,S,No,&nbsp;
991,Bob Fredette dba Bob Fredette Trucking &amp; Odd Jobs,Bob Fredette,"PO Box 1771, Station A",Rutland,VT,8026830154,2025,S,Unknown,&nbsp;
902,"Bolduc Auto Salvage, Inc., dba Bolduc Metal Recycling",James Bolduc,239 Bolduc Road,Middlesex,VT,8022237917,2025,S,No,&nbsp;
675,Bolens Septic &amp; Portable Toilets LLC,Jonathan Bolens,33 Brown Brook Road,Stewartstown,NH,603-246-7718,2025,R,No,&nbsp;
64,"Bostley Sanitary Service, Inc.",Amberlyn Beausoliel,268 E. Colrain Road,Colrain,MA,4137726531,2025,R,No,&nbsp;
1086,"Boston Green Fuel Co., Inc.",Brenda Dennison,102 Charles Eldridge Drive,Lakeville,MA,8883382657,2025,SH,No,&nbsp;
67,Boudreault Septic LLC,John Boudreault Jr.,3255 Dartmouth College Hwy,North Haverhill,NH,6033590930,2025,R,No,&nbsp;
2792,Boulder Excavation LLC,Joel Bryan,PO Box 1044,Stowe,VT,8027304649,2025,S,&nbsp;,&nbsp;
2296,"BP Wastewater Services, LLC","Benjamin Pratt, Owner",557 Riverside Ave,Burlington,VT,8028291556,2025,SR,No,&nbsp;
2739,"Bradshaw Enterprises, Inc.",Chad/Kathleen Bradshaw,99 Fields Lane,Jericho,VT,8027343180,2025,S,No,&nbsp;
2439,Breezy Hill Transport LLC,Kyle Dalpe,507 Breezy Hill Road,Barton,VT,8025259036,2025,RS,No,&nbsp;
983,Brenda Kimball,Brenda Kimball,930 Quaker Village Road,Weybridge,VT,8025452891,2025,S,No,&nbsp;
2509,Brett Frazier dba Rutland Moving and Storage,Brett Frazier,238 VT Rte. 7B,North Clarendon,VT,18023422000,2025,S,No,&nbsp;
70,Brian A. Rumrill dba Brian&#39;s ACME Service,Brian Rumrill,323 Airport Road,Perkinsville,VT,8022639315,2025,S,Unknown,&nbsp;
2743,Brian Burke DBA Same Day Response,Brian Burke,PO Box 113,Bridgewater,VT,9785056087,2025,S,No,&nbsp;
777,"Brian Perry &amp; Sons Construction, Inc.",Tiffany Perry,PO Box 1158,Hardwick,VT,802-472-6080,2025,S,No,&nbsp;
793,Brian Riff dba C.D.S. Portable Toilets,Brian Riff,PO Box 324,Colebrook,NH,6039228310,2025,R,No,&nbsp;
771,Brian W. Ricker,Brian W. Ricker,PO Box 13,Post Mills,VT,8023334617,2025,S,No,&nbsp;
1023,Brighter Horizons Environmental Corporation,John Nelson,201 West Main Street,Ayer,MA,9789700500,2025,S,No,&nbsp;
2453,BRONZE Contracting LLC,Thomas Bronson,9188 State Route 12,Remsen,NY,3153687353,2025,S,No,&nbsp;
75,"BTF, Inc., dba Bundy&#39;s Sewer &amp; Drain Service",Brad / Deanna Fischer,PO Box 77,Jericho,VT,8028994099,2025,R,No,&nbsp;
1080,Burnett Scrap Metals LLC,Christopher Burnett,8855 Rte 116,Hinesburg,VT,8024826075,2025,S,No,&nbsp;
78,"Burrell Roofing Co., Inc.",Tait Sutton,PO Box 206,Williamstown,VT,8024335353,2025,S,No,&nbsp;
2422,C&amp;D Septic Services Limited Liability Company,Candy or Dale Hammond,73 Cross Road,Lebanon,NH,6033816196,2025,R,No,&nbsp;
2644,Cadence Premier Cargo Inc.,Ray Leon,2250 S CHICAGO ST (UNIT B),JOLIET,IL,7088089850,2025,&nbsp;,No,&nbsp;
86,"Calkins Excavating, Inc.",Dana Calkins,PO Box 370,Danville,VT,8026843329,2025,S,No,&nbsp;
1024,Casella Construction Inc,Mackenzie Mahoney,1385 US Route 7,PITTSFORD,VT,8023457630,2025,S,No,&nbsp;
2308,"Casella Waste Management of Massachusetts, Inc.",TRACY MARKHAM,165 Barefoot Road,Southbridge,MA,7743641940,2025,RSM,Yes,&nbsp;
2361,"Casella Waste Management of N.Y., Inc.",Shannon Schaefer,5 Wall Street,Clifton Park,NY,5189372350,2025,S,Yes,&nbsp;
89,"Casella Waste Management, Inc.",Michelle Brewington,25 Greens Hill Lane,Rutland,VT,8024782699,2025,RS,Yes,&nbsp;
607,"Castleton, Town of",Heath Goyette,263 Route 30N,Bomoseen,VT,802-468-3005,2025,S,No,&nbsp;
90,"Catamount Environmental, Inc.",Chrissy Yanke Cooney,PO Box 160,Wilmington,VT,8024642754,2025,S,Yes,&nbsp;
701,Central Vermont Solid Waste Management District,Theron Lay-Sleeper,137 Barre Street,Montpelier,VT,8022729499,2025,HS,No,&nbsp;
2206,"Ceres Environmental Services, Inc.",Tia Laurie,"6371 Business Blvd., Suite 100",Sarasota,FL,8133338254,2025,S,No,&nbsp;
2514,Chad Cutting dba Reed &amp; Sons Rubbish,Chad Cutting,188 Sweet Pond Road,Guilford,VT,8022571211,2025,S,No,&nbsp;
2340,"Chad&#39;s Disposal, LLC",Chad Chase,18 Jorgensen Ln,BARRE,VT,8027930885,2025,S,No,&nbsp;
789,"Charles C. Haff Jr., dba Royal Flush Sanitation","Charles C. Haff, Jr.",PO Box 81,Lower Waterford,VT,8022745631,2025,R,No,&nbsp;
280,"Charles S. Johnson Sr., dba Johnson&#39;s Refuse",Charles S. Johnson Sr.,PO BOX 241,N. Clarendon,VT,8027756054,2025,S,No,&nbsp;
2625,Chayer&#39;s Rubbish Removal LLC,Zachary Chayer,P.O. Box 7,Orleans,VT,8026733376,2025,S,No,&nbsp;
2779,"Chemviron Midwest, Inc.",Mark Steiner,2461 Bauman Rd,Wooster,OH,3302642000,2025,S,No,&nbsp;
102,Chittenden Solid Waste District,Brian Mital,19 Gregory Drive,South Burlington,VT,8022330670,2025,HS,No,&nbsp;
2619,Chris Allen DBA Allen Rubbish Removal,Chris Allen,PO Box 727,Barton,VT,8027457975,2025,S,No,&nbsp;
2291,Chris Pratt dba Chris Pratt Construction,Chris Pratt,PO Box 291,Jeffersonville,VT,8023241199,2025,S,No,&nbsp;
103,Church Septic LLC,Richard Church,82 Transport Drive,Bennington,VT,8024426919,2025,R,No,&nbsp;
2220,"Citiwaste, LLC",Jason Folker,893 Shepherd Ave,Brooklyn,NY,717-951-2901,2025,HM,No,&nbsp;
107,"Clean Harbors Environmental Services, Inc.","Colleen Costello, TC Senior Manager",Norwell,Norwell,MA,7817975760,2025,HRSM,No,&nbsp;
110,Clifton J. Inman dba Cliff&#39;s Rubbish Removal,Clifton J. Inman,PO Box 13,West Halifax,VT,8023682712,2025,S,Unknown,&nbsp;
2613,Cobrita Trucking Inc,Wilder Munoz,1627 North Shore Road,Revere,MA,7818700472,2025,SR,No,&nbsp;
670,Complete Recycling Solutions LLC,Olivia Stevens,1075 Airport Road,Fall River,MA,6036604240,2025,HS,No,&nbsp;
676,"Complete Septic Services, LLC",Kim M. Littlefield / John Littlefield,789 School Street,Isle LaMotte,VT,8029283572,2025,R,No,&nbsp;
119,Cota Trucking Company,David &amp; Laurie Cota,6 Curtis Avenue,Essex Junction,VT,8028782668,2025,S,No,&nbsp;
1077,"County Waste and Recycling Service, Inc. (also dba Ace Carting Corp)",Camilla Powell,PO box 790,Clifton Park,NY,5188772344,2025,S,No,&nbsp;
2513,"CRM Co., LLC",Jason Bendieramonte,1414 Norwich Road,Plainfield,CT,8605648811,2025,S,No,&nbsp;
2271,Crown Point Excavation LLC,Marsha Dawkins,PO Box 656,Chester,VT,8028854979,2025,S,No,&nbsp;
610,"Crystal Clean, LLC DBA Crystal Clean Environmental",Ivona Zyla,2000 Center Drive suite East C300,Hoffman Estates,IL,8478445579,2025,HS,No,&nbsp;
2345,Crystal Lumbra and Joanne Litchfield,Crystal Lumbra,PO Box 314,Randolph,VT,8022342118,2025,S,No,&nbsp;
2732,CT Stoneworks and Excavating LLC,Cody Thompson,865 West Hill Rd,Craftsbury,VT,8022791181,2025,S,No,&nbsp;
2497,Curb Resource Collection LLC,Kristen Lyga,21 Butternut Court,Essex,VT,8024712872,2025,S,No,&nbsp;
122,Cyn Oil Corporation,Colleen Costello,42 Longwater Dr.,Norwell,MA,781-792-5777,2025,HS,No,&nbsp;
1016,D &amp; P Hawk North Management LLC,Patricia Harvey,106 Vt Rte 107,Stockbridge,VT,8027468911,2025,S,Yes,&nbsp;
921,"D&amp;C Transportation, Inc.",Scott Oeschger/Nick Rossi,32 Railroad Avenue,Orleans,VT,8027546664,2025,HS,No,&nbsp;
2216,"D.H. Cameron Construction Company, Inc. (Grab It and Go)","Don Cameron, President",7056 B US Route 7,No. Ferrisburgh,VT,8024253782,2025,S,No,&nbsp;
126,Dana H. Sweet Trucking Inc.,Jennifer Sweet/Dana Sweet,PO Box 188,Cambridge,VT,8026445470,2025,S,No,&nbsp;
2603,Daniel LeCour dba 302 Waste Services,Daniel LeCour,P.O. Box 137,South Ryegate,VT,8025843287,2025,S,No,&nbsp;
1110,Daniel Pepin dba Dan Pepin Excavating and Trucking,"Holly Pepin, Office Mgr.",4650 VT Rte 100,Newport,VT,8027448227,2025,SR,No,&nbsp;
2693,"Daniels Sharpsmart, Inc. DBA Daniels",David Tran,111 W. Jackson Blvd.,Chicago,IL,9452481784,2025,S,No,&nbsp;
2712,Darren Pion DBA D Pion Transport,Katherine Pion,P.O. Box 142,Lowell,VT,8026732877,2025,SR,No,&nbsp;
2686,Darryl Bouchard DBA The Trash Guy,Darryl Bouchard,PO Box 1609,Lyndonville,VT,8022745695,2025,S,No,&nbsp;
128,"Dart Trucking Company, Inc.",Wendy Hoffman,PO Box 157,North Lima,OH,3305490994,2025,HS,No,&nbsp;
2533,Dave Sabatini,Dave Sabatini,267 Fay Rd,Goshen,VT,8022476350,2025,&nbsp;,No,&nbsp;
2443,"David Bedor Jr., dba Bedor&#39;s Logging and Portable Toilets",David Bedor,PO Box 246,St. Johnsbury Center,VT,8027938186,2025,R,No,&nbsp;
207,David Giroux dba Dave&#39;s Rubbish Removal,David Giroux,PO Box 132,Newport,VT,802-922-2339,2025,S,No,&nbsp;
866,"DECAMP WASTE SERVICES, LLC",TRAVIS A DECAMP,PO BOX 1,Newport,NH,6035428050,2025,S,Yes,&nbsp;
1067,"Delmolino &amp; Sons, Inc.",Kyle J. Delmolino,PO Box T,Cheshire,MA,4137435397,2025,SR,Yes,&nbsp;
2626,Derrick Root DBA D-Rock Services,Derrick Root,359 Parker Rd,Pittsford,VT,8027795637,2025,&nbsp;,No,&nbsp;
134,"Derrig Excavating, Inc.",Ellis Derrig Jr.,30 Houghton Brook Road,Putney,VT,8023875479,2025,S,No,&nbsp;
2540,"Diversified Brokerage &amp; Logistics of NE, LLC",Chrystal Nolet,4 Windham Depot Rd box #7,Derry,NH,6034258229,2025,R,No,&nbsp;
143,Donald D. Dorr Septic Service Inc.,Debra Salo,209 Riverside Heights,Manchester Center,VT,8023622344,2025,R,No,&nbsp;
667,"Donald Giroux&#39;s Trucking, LLC",DONALD GIROUX,P O BOX 79,East Barre,VT,8028390064,2025,S,Unknown,&nbsp;
142,"Doran Bros., Inc.",Daniel Doran,634 West St,Fair Haven,VT,8022654724,2025,R,No,&nbsp;
2627,"Dorset Farm, LLC DBA Dorset Compost",Michael Flett,4343 Route 30,Dorset,VT,2017047759,2025,&nbsp;,Yes,&nbsp;
960,"Double Green Circle, Inc.",Jonathan Donadio,61 Shaker Court,Guilford,CT,2039807675,2025,SR,No,&nbsp;
2674,Double R Bedard Hauling LLC,Zachary Bedard,470 Cormier Road,Danville,VT,8025357180,2025,S,No,&nbsp;
2223,Douglas J. Dano dba D4 Rubbish Removal,Douglas J. Dano,65 Brooklyn Street,Groveton,NH,6032372056,2025,S,No,&nbsp;
2621,DR Property Maintenance &amp; Lawn Care Inc,Derek Richardson,PO BOX 492,Hardwick,VT,8027937388,2025,S,No,&nbsp;
40,"DR Robinson, LLC dba B&amp;B Septic",Donna Robinson,2702 Crepeault Hill Road,St. Johnsbury,VT,8027489858,2025,R,No,&nbsp;
2787,Dregs LLC,Mark Wrightson,PO Box 93,Chittenden,VT,8025584532,2025,S,No,&nbsp;
2629,DT Rentals LLC,Lauren Tarricone,416 Red Barn Road,Danville,VT,802-274-6448,2025,S,No,&nbsp;
148,Duffy&#39;s Waste &amp; Recycling Inc.,CATHERINE DUFFY,PO Box 264,Fairfax,VT,8028492309,2025,S,Yes,&nbsp;
2583,Dumpsters R US Inc.,David Brownsberger,58 Lowell Junction Road,Andover,MA,9784092111,2025,S,Yes,&nbsp;
151,Dundon Plumbing &amp; Heating Inc.,Christopher J. Dundon,P.O. Box 100,Orwell,VT,8029482082,2025,R,No,&nbsp;
2145,Dustin Glidden dba Abbott Septic Service,Shannon or Dustin Glidden,372 River Road,Charlestown,NH,6038260337,2025,R,No,&nbsp;
747,"E.E. Packard Enterprises, Inc.",Sherry Needle,PO Box 70,East Montpelier,VT,8022623835,2025,RS,No,&nbsp;
910,East Coast Rubbish Removal LLC,George Foster,2442 North Grove St,Rutland,VT,8023531460,2025,S,Yes,&nbsp;
2158,Edward C. Balch,"Edward C. Balch, Proprietor",PO Box 1501,Castleton,VT,8022363968,2025,S,Unknown,&nbsp;
814,"Eilers Bros. Trucking &amp; Excavating, Inc.",Rhonda Smith,PO Box 216,Readsboro,VT,8024235413,2025,S,No,&nbsp;
2447,"Eldredge, Inc., dba Eldredge of Pennsylvania",Gregory Mead,898 Fern Hill Road,West Chester,PA,6104364749,2025,HS,No,&nbsp;
2544,Elite Car Company LLC,Brian Aubuchon,382 Glen Road,Newport,VT,8023458177,2025,S,No,&nbsp;
2655,"Ellohi LLC., DBA Collective Compost",Jonah Kasper,128 UPPER PASTURE ROAD,Norwich,VT,8022910405,2025,S,No,&nbsp;
741,Empire Septic Service LLC,Roger Gauthier Jr.,64 Dick Hill Road,Granville,NY,5186325297,2025,R,No,&nbsp;
2747,ENCON Environmental Services LLC,Mike Fregeau,1368 Hooksett Rd,Hooksett,NH,6036456549,2025,HS,No,&nbsp;
2770,"Engineers Construction, Inc.",Ken Ferno,98 Engineers Drive,Williston,VT,8025562003,2025,S,No,&nbsp;
168,Environmental Hazards Management Inc,Kenneth Morton Jr.,PO Box 785,Williston,VT,8028624537,2025,S,Yes,&nbsp;
892,"Environmental Maintenance Services, Inc. d/b/a BioServ",Rick Ragaini,10 Gramar Avenue,Prospect,CT,2037585550,2025,HSM,No,&nbsp;
2414,Environmental Restoration LLC,Robert Perkins,1666 Fabick Dr,Fenton,MO,8888147477,2025,HS,No,&nbsp;
171,Environmental Services Inc,William Mitchell,90 Brookfield Street,South Windsor,CT,8004867745,2025,HSRM,No,&nbsp;
2263,"ENVIROSERVE, INC. (formerly Sunpro)",Larry Steigerwald,4600 Brookpark Road,Cleveland,OH,3309660910,2025,HSR,No,&nbsp;
194,"EQ Northeast, Inc. (dba US Ecology)",Wanda Tobey,185 Industrial Road,Wrentham,MA,5088031237,2025,HS,No,&nbsp;
915,Everett A. Russell III dba E. A. Russell Trucking,Everett A. Russell III,478 Merrimack Street,Methuen,MA,9788156299,2025,S,No,&nbsp;
2149,"Everett P. Huntley Sr., dba P H Trucking &amp; Rubbish Removal",Everett P. Huntley Sr.,116 Sesame Street,Braintree,VT,8022821820,2025,S,No,&nbsp;
2564,"EVERGREEN SERVICES, INC.",Carl Bailin,PO Box 849,Stowe,VT,8027931443,2025,SR,No,&nbsp;
2580,Express Roll-Off LLC,Bernard Avery,731 vt rte 14 South,East montpelier,VT,8029172104,2025,S,No,&nbsp;
746,EZ Container Service Inc,Michael Tetrault,1 Towne Market Place,Essex JCT,VT,8028781255,2025,S,No,&nbsp;
895,E-Z-Trash LLC,Frederick E. Harris,265 Mt. Pleasant St. #1,St. Johnsbury,VT,8024241485,2025,S,No,&nbsp;
2178,"FBS Tire Recycling, Inc.",Jessica Figueroa,PO Box 332,Ayer,MA,978-772-4251,2025,S,No,&nbsp;
1097,First Response Labor LLC,Matt Swann,PO Box 33,St. Albans,VT,8009140125,2025,SH,No,&nbsp;
2160,Florida Transformer LLC dba Emerald Transformer,Tiffany T. Springer,"7850 Collin McKinney Pkwy, Ste 200",McKinney,TX,2254542055,2025,H,No,&nbsp;
2463,Four Town Composting LLC,Jake Boudreau,1414 Wheelock Road,Danville,VT,8024732227,2025,S,No,&nbsp;
2146,Francis Oakes dba F. Oakes Disposal and Light Trucking,Francis Oakes,PO Box 4183,"White River Jct.,",VT,8025051870,2025,S,No,&nbsp;
191,Frank Corporation Environmental Services,Kirk J. Franklin,615 Tarkiln Hill Road,New Bedford,MA,5089959997,2025,HS,No,&nbsp;
563,Fred Budzyn dba Budzyn Tire Removal &amp; Recycling,Fred Budzyn,443 North Main St,Barre,VT,8023717653,2025,S,No,&nbsp;
196,"Freehold Cartage, Inc",Heather Williamson,P.O. Box 5010,Freehold,NJ,7324621001,2025,H,No,&nbsp;
2696,"G&amp;B Trash Division, LLC",Kolton Bussard,364 VT Route 7B N,North Clarendon,VT,8025580215,2025,S,No,&nbsp;
2718,G.M. Bowen Excavating Contractor Inc.,Donald Mucherino Jr,P.O. Box 73,East Calais,VT,8027930895,2025,S,No,&nbsp;
2469,"Gable to Grade Home Inspections, LLC dba Brookside Services",Lauren Martelle,416 East St,Middletown Springs,VT,8022351744,2025,S,No,&nbsp;
994,Gabucci Rubbish Removal LLC,Jessica Punt,332 Number 44 Road,Orleans,VT,8027546577,2025,S,No,&nbsp;
2183,Gaftek Inc.,Scott Allocca,"1 Gibson Road, Suite 2",Scarborough,ME,2072176515,2025,HS,No,&nbsp;
202,Gauthier&#39;s Trucking Inc.,Jane Gauthier,5 Gauthier Drive,"Essex Jct.,",VT,8028794020,2025,SR,No,&nbsp;
2691,George Tallman,George Tallman,1622 Route 103 South,Chester,VT,8025913535,2025,S,No,&nbsp;
2272,GF DAMON TRUCKING LLC,Henry Frank Damon,21 Bradford St.,Derry,NH,6032167358,2025,RS,No,&nbsp;
2283,"GMG Enterprises, Inc.",Brooke Hastings,239 Greenfield Road,South Deerfield,MA,4136653989,2025,R,No,&nbsp;
210,"Goodenough Rubbish Removal, LLC",Craig Goodenough,112 Mercury Drive,"Brattleboro,",VT,802-257-4937,2025,S,Yes,&nbsp;
2733,Goodfellas Rubbish Removal LLC,Hazen Cota,1156 Riley Rd,Franklin,VT,8023935682,2025,S,No,&nbsp;
2200,Got Trash? LLC,Penelope Higson,324 Gilman Avenue,St. Johnsbury,VT,8024241280,2025,S,No,&nbsp;
211,"Goulet Trucking, Inc.",CRYSTAL WILKINSON,PO Box 259,S. Deerfield,MA,4136651323,2025,HRS,No,&nbsp;
2668,"Grace Transport, Inc.",Andrew Chittick,880 Wright St.,Strathroy,ON,8002903017,2025,HS,No,&nbsp;
1008,"Graf Bros. Leasing, Inc.",Thomas Girard,166 Lafayette Road,Salisbury,MA,8002250538,2025,HSR,No,&nbsp;
1001,"Grand Isle, Town of",Ron Bushway,PO Box 49,Grand Isle,VT,802-372-4863,2025,S,No,&nbsp;
2569,"Gravel Construction Company, Inc.",Gravel Construction,P.O. Box 78,Wolcott,VT,8024723776,2025,S,No,&nbsp;
2755,Green Mountain Junk Removal LLC,Noah Carlo,61 Dunham Avenue,North Bennington,VT,8027536802,2025,S,No,&nbsp;
217,Green Mountain Power Corporation,Laura Vallett,163 Acorn Lane,Colchester,VT,8027796996,2025,H,No,&nbsp;
2616,Green Peak Junk Removal LLC,Christopher Goodwin,50 Gunn Mountain Road,Ashuelot,NH,4132188025,2025,S,No,&nbsp;
2446,"Green Site Services Group, Inc.",jackson shiebler,25 Forge Parkway,Franklin,MA,5089662020,2025,SHR,No,&nbsp;
707,Greg Marguet dba Greg&#39;s Trucking,Greg Marguet,PO Box 59,West Halifax,VT,8023682694,2025,S,Unknown,&nbsp;
461,Gregory M. Scribner dba Scribner Septic Service,Gregory M. Scribner,704 Hier Ln.,West Rutland,VT,802-438-5358,2025,R,No,&nbsp;
875,"Gurney Brothers Construction, Inc.",Dan Gurney,19 Gurney Road,North Springfield,VT,8028862210,2025,S,No,&nbsp;
858,"Gurrisi Brothers Auto &amp; Truck Sales &amp; Salvage, LLC",Linda Gurrisi Vining,0 Corwin Street,Peabody,MA,9788186248,2025,S,No,&nbsp;
2798,H Morse and Son Excavating and Transportation Inc.,Jeffrey Morse,1715 Morse Road,Jay,VT,8023090645,2025,S,No,&nbsp;
2599,Hale Transport LLC,Danny Hale,143 Mackville Rd,Hardwick,VT,8023536608,2025,S,&nbsp;,&nbsp;
825,"Hammond Grinding &amp; Recycling, Inc.",Tamra Hammond,PO Box 17,Canaan,NH,6035234353,2025,S,No,&nbsp;
786,"Harper E.S.M., Inc. dba Choice Environmental",Cliff Harper,1811 Hale Hollow Road,Bridgewater Corners,VT,2159325508,2025,HS,No,&nbsp;
783,Haul Me LLC,Leyland Papa,PO Box 303 Falls Road,Shelburne,VT,8028812287,2025,S,Yes,&nbsp;
236,"Hazmat Environmental Group, Inc.",Samantha Philipps,60 Commerce Drive,Buffalo,NY,716-827-7200,2025,H,No,&nbsp;
700,"HB Energy Solutions, Inc.",Thomas Hernon,PO BOX 945,Springfield,VT,8028852300,2025,R,No,&nbsp;
2356,HB Trucking LLC,Heath Bunnell,523 Littleton Rd,Monroe,NH,6036384983,2025,S,No,&nbsp;
2767,Hebert Excavation Corp.,Jimmy Hebert,PO Box 451,Williamstown,VT,8022498443,2025,S,No,&nbsp;
470,Henry Sleeper dba Sleeper&#39;s Rubbish Removal,Henry Sleeper,1477 Rowell Brook Road,Bradford,VT,8022224577,2025,S,No,&nbsp;
2265,"Hepaco, LLC",Bri Pickering,42 Longwater Drive,Norwell,MA,3392145822,2025,HRSM,No,&nbsp;
2738,Her Service Empire LLC DBA Vermont Junk,Adam Kroll/Lindsay Kepniss,PO BOX 162,Bondville,VT,9733563166,2025,S,No,&nbsp;
2235,Hero Haulers LLC,Zeberiah Snow,25 Martin Road,South Hero,VT,8023734341,2025,S,Yes,&nbsp;
2383,Hometown Hauling 802 LLC,Colby Martin,PO Box 55,Milton,VT,8025561173,2025,S,No,&nbsp;
2753,Hooks Mechanical LLC,Kiernan Hook,33 Edmunds Circle #78,Braintree,VT,8023987254,2025,S,No,&nbsp;
2210,Hoosick Tire &amp; Services LLC,Anne Helft,PO Box 316,Cambridge,NY,5188679621,2025,S,No,&nbsp;
247,"Horwith Trucks, Inc.",REGINA GRIM,PO BOX 7,Northampton,PA,6102612220,2025,S,Yes,&nbsp;
248,"Houghton Sanitary Service, Inc.",Jeff Houghton,416 Guilford Center Road,Guilford,VT,8022549221,2025,R,No,&nbsp;
2574,Howe Enterprises Inc.,Nicholas Howe,33 Russell Road,Tunbridge,VT,8025050106,2025,R,No,&nbsp;
250,"Hubbard Brothers, Inc.",Tim Hubbard/Sue Perry,PO Box 315,Rutland,VT,8027732259,2025,HSR,No,&nbsp;
2624,Huff and Puff Demolition and Junk Removal LLC,Josh Murray,PO BOX 274,Richmond,VT,802-343-5356,2025,S,No,&nbsp;
2665,"Hunter Excavating, Inc.",Patti Johnson,2218 VT ROUTE 100,S. Londonderry,VT,8028567165,2025,S,No,&nbsp;
2238,"Interstate Ventures, Inc.",Paula McDonald,1261 E. Tri County Blvd,Oliver Springs,TN,8654828670,2025,HS,No,&nbsp;
2273,Iron Mountain Incorporated,Bill Blauvelt,11 Morse Drive,"Essex Jct.,",VT,8023096038,2025,S,No,&nbsp;
2662,"Ironclad Environmental Solutions, Inc.",Callan Jacobs,550 W 36th Street,Jasper,IN,9208502483,2025,S,No,&nbsp;
2312,Island Excavating Corp.,Majken Tranby,4 Island Circle,Grand Isle,VT,8023724473,2025,S,Unknown,&nbsp;
2203,Island Pump and Tank LLC,"Matthew Schieferstein, CHMM",40 Doyle Court,East Northport,NY,6314622226,2025,H,No,&nbsp;
2259,"It&#39;s About Time Logistics, LLC",Louise Cadavid,174 South Road - Suite 111,Enfield,CT,7815718056,2025,S,No,&nbsp;
926,"IWT Transport, Inc.",David OBrien,5 FIR COURT,Oakland,NJ,9737685107,2025,HS,No,&nbsp;
924,J A LaRochelle Trucking LLC,John A LaRochelle,362 Pompeo Rd,N Grosvenordale,CT,5083266737,2025,RS,No,&nbsp;
2565,"J R AND SONS CONSTRUCTION, INC.",Lauren Russo,4 Hallberg Park,North Reading,MA,7812584455,2025,S,No,&nbsp;
2622,J&amp;J Odd Job Services LLC,Jake Ring,655 Church Road,Colchester,VT,8023916218,2025,S,No,&nbsp;
988,"J. P. Sicard, Inc.",Jason Sicard,PO Box 508,Barton,VT,8025259506,2025,S,No,&nbsp;
2352,"J.C. RENDERING, INC.",Jason Caruso,201 Jackson Rd,Frankfort,NY,3157325759,2025,S,No,&nbsp;
262,"J.K. Lynch Disposal, Inc.",Cheryl Dube,49 South Hill Road,Colebrook,NH,6032374446,2025,S,Yes,&nbsp;
2737,J.Labrecque LLC,Erin Bovat,294 Westford Milton Road,Westford,VT,8023933303,2025,S,No,&nbsp;
2782,Jake&#39;s Septic Service LLC,Jake Ovitt,1199 Calhoun Road,Island Pond,VT,8026733462,2025,R,&nbsp;,&nbsp;
763,James Davis dba Aaron Septic &amp; Drain,James T. Davis,241 Raven Rock Road,Arlington,VT,802-430-9555,2025,R,No,&nbsp;
2607,James Mayer DBA Mr. Handy,James Mayer,563 South Wheelock,Lyndonville,VT,8022823503,2025,S,No,&nbsp;
2196,Jamie Strotmeyer dba Me and My Truck,Jamie Strotmeyer,81 Henry Street,Burlington,VT,8023380480,2025,S,No,&nbsp;
2224,Jared Rouleau dba A&amp;J Recycling,Amantha Rouleau,1931 North Hollow Rd,Granville,VT,802-505-0630,2025,S,No,&nbsp;
2600,Jarrett Drown d/b/a Drown Trucking,Jarrett Drown,857 Center Rd,Hardwick,VT,8022794097,2025,S,No,&nbsp;
2456,JASON CARTWRIGHT TRUCKING LLC,JASON CARTWRIGHT,1625 SCOTT HILL RD,Berlin,VT,8022617535,2025,SR,No,&nbsp;
2673,Jason Hooks DBA Small Town Trash Removal,Jason Hooks,10 Briggs Street,North Adams,MA,4136639302,2025,S,Yes,&nbsp;
268,Jay&#39;s Septic Tank Cleaning LLC,Brenton K. Southworth,4551 Route 5,Thetford Center,VT,8023339485,2025,R,No,&nbsp;
2493,JBGB Transport LLC,Justin Bona,630 York St,Lyndonville,VT,8022743697,2025,S,No,&nbsp;
936,Jeffrey Bronson dba Bronson Transport,Jeff Bronson,292 Quiet Valley Road,Shoreham,VT,8029894195,2025,S,No,&nbsp;
982,Jeffrey Lloyd dba Rutland Rubbish,Jeffrey Lloyd,25 Meadow Street,Rutland,VT,8027751527,2025,S,No,&nbsp;
2542,Jeff&#39;s Rubbish Removal LLC,Jennifer Wright,PO Box 204,Windsor,VT,8022639691,2025,&nbsp;,No,&nbsp;
658,Jeff&#39;s Trucking LLC,Jeffrey Scott Hook,786 US Route 5 #6,Windsor,VT,8023563430,2025,S,No,&nbsp;
1109,Jewell Specialized Inc.,"Chris Jewell, President",PO Box 295,Plainfield,NH,6033819897,2025,S,No,&nbsp;
2555,Jim Holton DBA Junk All Gone,Jim Holton,307 Flat Iron Road,Wolcott,VT,8027300303,2025,S,No,&nbsp;
2676,JNVSeptic LLC,Chris Johnson,64 veterans park rd,Claremont,NH,6035815586,2025,R,No,&nbsp;
2648,JOE AND JEN LLC DBA Calkins Portable Toilets,Lisa Calkins,PO Box 21,Danville,VT,8026842255,2025,R,No,&nbsp;
962,John Couture dba J.C. Trucking,John Couture / Shannon Couture,2551 Coventry Station Road,Newport,VT,8022745320,2025,RS,No,&nbsp;
116,John L. Cookson dba Cookson&#39;s Trucking,John L. Cookson,1048 Lovely Road,Marshfield,VT,8022792466,2025,S,No,&nbsp;
279,John Trombley dba John Trombley Construction &amp; Septage,John Trombley,1549 Pencil Mill Road,Castleton,VT,8022732527,2025,R,No,&nbsp;
2204,"Josh Fenoff Siteworks, LLC",Josh Fenoff,367 Fenoff Heights Lane,Waterford,VT,8025357941,2025,HS,No,&nbsp;
2319,Josiah Nolt dba Countryside Septic,Josiah Nolt,192 Hilltop Drive,Johnson,VT,18025856470,2025,R,No,&nbsp;
2547,JR &amp; Sons Junk Removal INC.,Kristen Jewell,PO BOX 168,Vergennes,VT,8027359760,2025,S,No,&nbsp;
2511,"JRP Waste Oil Service, Inc",Gregg Baitinger,PO Box 570,Oxford,PA,8563087336,2025,HSR,No,&nbsp;
2205,JSP Job Site Pumping LLC,Jeffrey Townsend,4888 Pleasant Street,Randolph,VT,8027284137,2025,R,No,&nbsp;
2771,Juan C Rodriguez DBA ROS Transportation,Corina Lima,"500 South Main Street, Apt #2",Manchester,NH,7812674631,2025,R,No,&nbsp;
656,Juddy&#39;s Septic Service Inc.,Brian Judd,PO Box 226,Morgan,VT,8028954196,2025,R,No,&nbsp;
2713,JunkitVT LLC,Miles Jordan,24 Mt Philo Rd,Charlotte,VT,8023639119,2025,S,No,&nbsp;
734,Justin Adams dba Quinttown Container Service,Justin Adams,PO Box 13,Orford,NH,6033534240,2025,S,No,&nbsp;
2736,Justin Morgan Construction LLC,Justin Roy Morgan,2147 Cormier Rd,Danville,VT,8022748984,2025,SR,No,&nbsp;
289,"K&amp;R Portable Restroom Services, LLC",ZACHARIAH CONLEY,PO BOX 121,ORFORD,NH,6033534106,2025,R,No,&nbsp;
2512,K. Bellavance Land Works &amp; Hauling LLC,Ashley N Collins,69 PITMAN RD,Barre,VT,8022798488,2025,S,No,&nbsp;
2651,"KAG Specialty Products Group, LLC",Mary Schnick,5301 Buttonwood Dr,Madison,WI,6082308217,2025,HS,No,&nbsp;
2780,"KASCON, LLC",Dennis Keith,650 Main St,Bennington,VT,3158612211,2025,HS,&nbsp;,&nbsp;
2765,Katzenbach Sand &amp; Gravel LLC,Clark Katzenbach,75 East Griggs Road,Irasburg,VT,8024875150,2025,S,No,&nbsp;
2581,Keane Trucking LLC,Christopher Keane,169 Keane Mountain Way,Orange,VT,8024765617,2025,S,Yes,&nbsp;
2478,Keep It Simple LLC DBA KIS Clean Outs,Margaret Pridgen,PO Box 111,Wilder,VT,802-280-5408,2025,S,No,&nbsp;
687,Kenneth A. Ross dba K-N-S Tire Recycling,Kenneth Ross,PO Box 503,Albany,VT,802-755-9278,2025,S,No,&nbsp;
2226,Kevin Palazzo dba Up With The Sun Trucking,"Kevin Palazzo, Owner",4 Welch Lane,Raymond,NH,9784231584,2025,RS,No,&nbsp;
2444,Kevin Pothier d/b/a KMC Excavating,Kevin Pothier,807 Bushey Hill Rd.,Newport,VT,8025228452,2025,S,No,&nbsp;
2661,Kim Jones DBA Jones Rubbish Removal,Robert &amp; Kim Jones,1538 Route 30 North,Bomoseen,VT,802-273-3795,2025,S,No,&nbsp;
2705,Kings L.L.C.,Ricky King Jr.,471 Vermont Route 7A,Shaftsbury,VT,8027332558,2025,S,No,&nbsp;
2246,Kingsbury Companies LLC,Travis Kingsbury,58 Center Road,Middlesex,VT,8882087219,2025,RS,No,&nbsp;
2631,Kirby Mountain Lawns + Landscaping LLC,Caleb Temple,1693 Ridge Road,East Burke,VT,802-535-5321,2025,S,No,&nbsp;
295,"Kirk Fenoff &amp; Son Excavating, LLC",Kirk Fenoff,24 Old Stagecoach Road,Danville,VT,8026843353,2025,S,No,&nbsp;
2545,"L &amp; W Williams Construction, Inc. dba &quot;The Can Man&quot;",Rebecca Williams,736 South Road,Peru,VT,8029996737,2025,S,No,&nbsp;
2634,"L&amp;M Service Contractors, LLc",Sue E Esty,287 River Rd,Norwich,VT,6033591656,2025,S,No,&nbsp;
2642,"Laidlaw Carriers Bulk GP, Inc.",Tyler Tilker,646 Athlone Ave.,Woodstock,ON,9057191629,2025,H,No,&nbsp;
2723,Lamoille Regional Solid Waste Management District,Joyce Majors,29 Sunset Drive,Morrisville,VT,8028887317,2025,S,No,&nbsp;
2606,"LaPete Construction &amp; Trucking, LLC",Chris LaPete,P.O. Box 50,New Haven,VT,8023432758,2025,S,No,&nbsp;
901,Lavallee Trucking &amp; Excavating LLC,James Lavallee / Kristi Szawlowski (Secretary),PO Box 383,Hatfield,MA,4139234555,2025,S,No,&nbsp;
2556,Leonard Keys DBA Keys Dumpsters,Lenny (Leonard) Keys,5158 State Route 22,Salem,NY,5189377097,2025,S,No,&nbsp;
2250,Leslie Daniels dba Les Daniels Services,Leslie Daniels,975 Steele Hill RD,Randolph,VT,8022799690,2025,S,No,&nbsp;
882,Lev V. Kalinin,Lev V. Kalinin,115 Prospect Street Ext.,Lebanon,NH,8025783676,2025,S,No,&nbsp;
2702,Lewco LLC,MATTHEW T LEWIS,747 Randall Hill Rd,Springfield,VT,8023766463,2025,S,No,&nbsp;
2455,LIQUORE SAND AND GRAVEL LLC,Jane Zebrowski and/or Nino Valentino,117 North Street,Enfield,CT,8607630378,2025,S,No,&nbsp;
2707,Locol Waste LLC,Adam Pasquale,1058 Jassamine Way,Fort Lee,NJ,2014246770,2025,S,No,&nbsp;
785,Lois Jerome dba Jerome Trucking,Lois Jerome,87 Shaw Road,Cambridge,VT,8028496933,2025,S,No,&nbsp;
2161,Longe Trucking LLC,Timothy Longe jr,"1849 Davis Rd Enosburg, VT",Enosburg Falls,VT,8027829916,2025,S,No,&nbsp;
2759,"Longhorn Trucking Co., Inc.",Vince Logan,6605 State Hwy 5,Fort Plain,NY,5188571134,2025,S,No,&nbsp;
2793,Louis Bates DBA Bate&#39;s Property Maintenance,Karen Delorme,1139 Lower Newton Road,St. Albans,VT,8027525380,2025,S,&nbsp;,&nbsp;
1106,"Luxury Event Restrooms, Inc.",Mike Solomon,5654 Ethan Allen Hwy,Charlotte,VT,8027440066,2025,R,No,&nbsp;
1012,"Lyle Webb Jr., dba Webb &amp; Sons Landscaping",Lyle Webb,P O Box 956,Middlebury,VT,8023244237,2025,S,No,&nbsp;
2744,Mack Farnsworth DBA Farnsworth Trucking and Excavating,Mack Farnsworth,126 Upper Walpole Rd,Walpole,NH,8022891161,2025,S,No,&nbsp;
995,"Maine Labpack, Inc.",Mitchell Daigle,163 Thadeus Street,South Portland,ME,2077671933,2025,HSM,No,&nbsp;
2554,"Major L. Rodd, The Roofer, Inc. DBA Rodd Roofing",Silas Ratico,49 Perkins Street,Saint Johnsbury,VT,8027484555,2025,S,No,&nbsp;
2709,Mangan Excavation LLC,Gideon Mangan,116 McCrillis Road,Marshfield,VT,8022496938,2025,S,No,&nbsp;
609,"Mansfield Environmental Abatement Group, Inc.",Dan King,PO Box 8535,Essex,VT,8028789975,2025,HS,No,&nbsp;
2604,Marden Environmental Transport LLC,Nancy Marden,87 Laurel Hill Rd,Brookfield,CT,8608980242,2025,HS,No,&nbsp;
1009,Maria Glabach dba Glabach Farm Contractors,Maria Glabach,32 Nourse Hollow Road,Dummerston,VT,8022570939,2025,S,No,&nbsp;
2402,Mark Lawson dba Mar-Jo Acres,Mark Lawson,741 Campbell Road,Irasburg,VT,8027542803,2025,S,No,&nbsp;
768,"Markowski Excavating, Inc.",Gregory Markowski,PO Box 69,Florence,VT,8024836469,2025,S,No,&nbsp;
2523,Mascoma Waste Management LLC,"John Pellerin, Owner",PO Box 427,Enfield,NH,6033042155,2025,S,Yes,&nbsp;
2730,Matten Excavation LLC,Andy Matten,2703 VT-100,Newport Center,VT,8026738790,2025,S,No,&nbsp;
518,Matthew O Swann Enterprises LLC DBA Tuttle’s Trucking,Trista Shappy,PO Box 1,Swanton,VT,8028687838,2025,S,Yes,&nbsp;
342,Maumee Express Inc,John Brothers,PO Box 278,Somerville,NJ,800-742-5542,2025,HS,No,&nbsp;
937,McKirryher Waste Services Inc.,Rick or Kim McKirryher,224 Floating Acres Place,Rutland,VT,8027752749,2025,S,Yes,&nbsp;
719,"McVac Environmental Services, Inc.",Charles Demers,481 Grand Avenue,New Haven,CT,203-498-1427,2025,HRS,No,&nbsp;
2656,MEC JUNK REMOVAL &amp; HAULING SERVICES LLC,Mark E Currier,PO Box 19,Island Pond,VT,8026240429,2025,S,No,&nbsp;
2336,Megan Kolbay dba Earthgirl Composting,Megan Kolbay,Po Box 594,Barre,VT,8028395017,2025,S,No,&nbsp;
2635,Melnik Farms LLC,Paul Kokoski,188 Mill Village Rd,Deerfield,MA,4135310633,2025,S,No,&nbsp;
1004,Memphremagog Rentals LLC,Douglas Spates / Andrew Carbine,89 Third Street,Newport,VT,8023342262,2025,S,No,&nbsp;
2492,Michael Pelton dba Stoney Mountain Farm,Michael Pelton,1001 West Windham Rd,Windham,VT,8023802253,2025,S,No,&nbsp;
441,Michael Szymanski dba MS Septic Service,Mike Szymanski,PO Box 656,Montpelier,VT,802-249-0147,2025,R,No,&nbsp;
355,Michaud Septic Service LLC,Crystal Michaud,207 Belfry Rd,East Hardwick,VT,8024726682,2025,R,No,&nbsp;
356,Miller Environmental Group Inc,DON CURRAN,538 Edwards Avenue,Calverton,NY,845-905-9670,2025,HS,No,&nbsp;
2230,MK Trucking LLC,"Michael Sevigny, Owner",1186 Hebert Road,Williamstown,VT,8029174653,2025,S,No,&nbsp;
462,Moran Environmental Recovery LLC,Jeff Magyar,75 D York Avenue,Randolph,MA,7818151100,2025,HSM,No,&nbsp;
987,More Waste Solutions LLC,Beth-Anne Searles,1138 Old Quechee Road,White River Jct,VT,8022953368,2025,S,Yes,&nbsp;
2667,Mow N Maintain Property Maintenance LLC,Nicholas George,5052 Route 116,Shelburne,VT,802-391-7773,2025,S,No,&nbsp;
822,"Mr. Bult&#39;s, Inc. (dba MBI)","Steve Dalpe, Terminal Manager",PO Box 846,Newport,VT,8023341784,2025,RSM,No,&nbsp;
2472,"MT3 Unlimited, LLC",Mike Tkaczyk III,3856 Guilford Center Road,Guilford,VT,8022541688,2025,S,No,&nbsp;
2506,Munoz Trucking LLC,Guillermo Munoz,"1 Dix st,apt 1,Revere MA 02151",Revere,MA,6179593529,2025,SR,No,&nbsp;
2325,Music Mountain Compost LLC,Zach Cavacas,2195 Music Mountain Road,Stockbridge,VT,8023423834,2025,S,Yes,&nbsp;
364,Myers Container Service Corp.,Lynn Bergeron,PO Box 38,Winooski,VT,8026554312,2025,SR,No,&nbsp;
856,"Mystic Motor Transportation Co., Inc.",Charles Daly,PO Box 1082,Billerica,MA,9786675656,2025,S,No,&nbsp;
2233,"N. A. Manosh, Inc.","Nick Manosh, President",120 Northgate Plaza,Morrisville,VT,8028885722,2025,SR,No,&nbsp;
934,Nathan Guay dba At Your Disposal Trucking,Nathan Guay,58 River Road,Underhill,VT,802-279-1367,2025,S,No,&nbsp;
630,"Naughton &amp; Son Recycling, LLC",Jody Whelton,PO Box 464,Bradford,NH,6039382282,2025,S,No,&nbsp;
2207,"NEIE Medical Waste Services, LLC",Patricia Sumner,3100 New Kent Highway,Quinton,VA,8049328412,2025,MS,No,&nbsp;
2454,NEK Rubbish LLC,Thomas Sline,P.O. Box 712,Lyndonville,VT,8025351430,2025,S,Yes,&nbsp;
153,"New England Quality Service Inc., dba Earth Waste &amp; Metal",Amanda Nadeau,PO Box 68,Rutland,VT,8027757722,2025,S,No,&nbsp;
2623,New England Water Systems Inc.,Magen Ostiguy,168 Ostiguy Drive,Lowell,VT,8027442666,2025,R,No,&nbsp;
2590,Nick&#39;s Landscaping &amp; Firewood LLC,Nick Durocher,842 Morey Rd.,Sutton,VT,802-535-8485,2025,S,No,&nbsp;
2138,No Waste Compost L3C,"Cameron B. Scott, Co-Owner",20 Susie Wilson Road Unit D,Essex Junction,VT,8023731707,2025,S,No,&nbsp;
373,"Normandeau Trucking, Inc.",Dennis Normandeau,PO Box 243,Groveton,NH,603-636-1671,2025,S,No,&nbsp;
927,"North Coast Services, LLC",Thomas Fatcheric,44 Locke Road,Concord,NH,603-610-7901,2025,S,No,&nbsp;
2431,North Road Excavation LLC,Dylan McCullough,4866 North Rd,Bethel,VT,8023699989,2025,S,Yes,&nbsp;
2473,"North Star Rubbish Removal, LLC",Bonnie Garrett,PO Box 224,Bridgewater Corners,VT,8029529524,2025,S,No,&nbsp;
377,Northeast Kingdom Waste Mgmt District,Corey Raymond,PO Box 1075,Lyndonville,VT,8026263532,2025,S,No,&nbsp;
636,"Northeast Lamp Recycling, Inc.",Raymond Walter Graczyk,256 Main Street P.O. Box 680,East Windsor,CT,8602094601,2025,HS,No,&nbsp;
2653,"Northern Hill Trucking, LLC",Nicholas Pion,2024 Randolph Road,Morrisville,VT,8023937829,2025,S,No,&nbsp;
738,Northwest VT Solid Waste District,Pam Bolster,158 Morse Drive,Fairfax,VT,8025245986,2025,SH,No,&nbsp;
724,"Northwoods Excavating, Inc.",Michelle Batchelder,289 Ulman Road,Thetford Center,VT,8027853162,2025,S,No,&nbsp;
1101,"Nott&#39;s Excavating, Inc.",Raymond S. Nott II,185 Equestrian Way,"White River Jct.,",VT,8022952734,2025,S,No,&nbsp;
384,Oil Recovery Corporation,Luke Gagnon,138 Palmer Ave,West Springfield,MA,413-737-2949,2025,HSM,No,&nbsp;
973,One World Environmental LLC dba Uncle Bob&#39;s Septic Service and dba 802 Restrooms,Julie Wright,63 Shields Dr,Bennington,VT,8022322222,2025,R,No,&nbsp;
2258,Organix Recycling LLC,James Crownover,220 S Commerce St,Russellville,AR,4699191858,2025,S,Unknown,&nbsp;
2726,"P &amp; L Trucking, Inc.",LAURIE GOODRICH,PO Box 993,Chester,VT,8022913955,2025,S,No,&nbsp;
391,P&amp;P Septic Service Inc.,"Jarod Pratt, Vice Pres.",PO Box 639,Williston,VT,8026586243,2025,RS,No,&nbsp;
392,"Page E.T.C., INC",Kelley Clark,2758 TROMBLEY RD,Weedsport,NY,315-834-6681,2025,HS,No,&nbsp;
2778,"Page G.T.C., Inc.",Kelley Clark,2758 TROMBLEY RD,Weedsport,NY,3156044001,2025,HSR,No,&nbsp;
2750,"Palmer Waste, LLC",Eric Palmer,294 Magee Hill Rd,Hinesburg,VT,8029220222,2025,S,No,&nbsp;
2315,Paul Morse DBA Morse Transport,Paul Morse,553 Vt Rte. 100,Newport Center,VT,8022492923,2025,SR,No,&nbsp;
593,Perras Brothers LLC,Heath Perras,691 Earl Gray Road,Morrisville,VT,8028884353,2025,SR,No,&nbsp;
2503,"Peters General Contracting, Inc.",Gerard Peters,POBox 212,Albany,VT,8027556743,2025,S,No,&nbsp;
396,Pete&#39;s Rubbish Removal Inc.,Neil Robie,1130 Mt. Moosilauke Highway,Pike,NH,603-989-5300,2025,S,Yes,&nbsp;
972,"Pioneer Tank Lines, Inc.","Jessica Sandstrom, Safety &amp; Compliance Manager",12501 Hudson Road South,Afton,MN,6514368296,2025,H,No,&nbsp;
2608,"PJD Septic Services, LLC",Paul J Dionne,PO BOX 297,Stoddard,NH,6034467106,2025,R,No,&nbsp;
402,Precision Industrial Maintenance LLC,Alex Hildebrand,1710 Erie Blvd,Schenectady,NY,5183465800,2025,HSR,No,&nbsp;
2781,Precision Property Maintenance LLC,Adam Trudo,65 Lindale Drive,Colchester,VT,8023557696,2025,S,No,&nbsp;
2579,Pretty Potty Vermont LLC,Cory Irish,853 Route 7 South,Milton,VT,8029220816,2025,&nbsp;,No,&nbsp;
711,Prolerized New England Company LLC,Donna Maroney,14 Field Court,North Kingstown,RI,4012654573,2025,S,No,&nbsp;
2563,Quality Environmental Service LLC,Jamie Crowley,112 Whipple Dr,Guilford,VT,8022541155,2025,S,No,&nbsp;
2610,R B Greene Trucking LLC,Randy Greene,41 UNION POINT RD,Webster,MA,8603823272,2025,&nbsp;,No,&nbsp;
2137,R&amp;J Trucking LLC,Arlene Fisher,PO Box 311,Shelburne,VT,8029853296,2025,S,Unknown,&nbsp;
2789,R&amp;S Tree &amp; Landscaping LLC,Ritalynn Branche,PO Box 93,Lunenburg,VT,8024617069,2025,S,No,&nbsp;
2735,"R.J. Piche Excavating, Inc.",Ray Piche,119 Bixby Hill Rd,ESSEX JUNCTION,VT,8023167320,2025,S,No,&nbsp;
2287,Randy Martelle dba Martelle Waste Services,Randy Martelle,447 VT Rte 30,Wells,VT,802-345-1996,2025,S,No,&nbsp;
913,"Ranger, Inc.",Jessica Anger,PO Box 432,Sutton,MA,5088651880,2025,H,No,&nbsp;
413,Ran-Mar Corporation,Greg Rouleau,1083 US Route 2,Berlin,VT,8022239577,2025,S,No,&nbsp;
2593,Rascal&#39;s Rubbish and Redemption LLC,Brandon Fuller,1 River Road,Waterbury,VT,8027982492,2025,S,No,&nbsp;
2343,"Recycling Services, Inc.",Francesco Finocchiaro,166A Merrimack Street,Methuen,MA,6035428755,2025,S,No,&nbsp;
860,"Red Baron Trucking, Inc.",Stephan Zeller,0 Corwin St,Peabody,MA,6175107658,2025,S,No,&nbsp;
918,"RED Technologies, LLC",Katie French,173 Pickering St,Portland,CT,860-342-1022,2025,HS,No,&nbsp;
2339,"REM Transportation, Inc",Alexis Dimmick,595 Neighbor Road,Randolph Center,VT,8023435773,2025,S,No,&nbsp;
2791,Removal Pro LLC,Michael Haikola,PO BOX 880,Raynham Center,MA,7745044288,2025,HS,No,&nbsp;
2749,RENA Enterprises Inc. DBA Bin There Dump That,Ryan McMeniman,294 North Winooski Avenue,Burlington,VT,8028293890,2025,S,No,&nbsp;
772,Renaud Bros Inc,Michael Renaud,283 Fort Bridgman Road,Vernon,VT,8022577383,2025,S,No,&nbsp;
1036,"Republic Environmental System (Transportation Group), LLC",Brittany Winters,7273 State Road 76,Neenah,WI,920-967-7090,2025,HSM,No,&nbsp;
2742,Residuals Test,Me,ghg,kkkkk,VT,9999999999,2025,R,&nbsp;,&nbsp;
688,"Reworld Remediation Services, Inc",Diane Hunt,700 Richmond Street,E. Taunton,MA,508-828-1005,2025,HS,No,&nbsp;
2541,Reynolds Rubbish LLC,"Ralph Reynolds, Jr.",134 Stratton Road,North Clarendon,VT,8024171615,2025,S,No,&nbsp;
2193,RGP Environmental LLC dba 1-800-Got-Junk?,John Wagner,397 Patchen Road #3,South Burlington,VT,8028467714,2025,S,No,&nbsp;
2186,"Rich Earth Institute, Inc.",Arthur Davis,355 Old Ferry Rd.,Brattleboro,VT,8023800775,2025,RS,No,&nbsp;
2140,Richard Benoit DBA Benoit Landscaping,Richard Benoit,PO Box 59,Danville,VT,8022746482,2025,S,No,&nbsp;
977,Richard Rheaume dba R&amp;L Rubbish,Richard Rheaume,215 Munson Road,Middlebury,VT,8023886288,2025,S,No,&nbsp;
2689,Riley&#39;s Services Inc,Riley Bates,90 Stoney Meadow Lane,Mendon,VT,8023455808,2025,S,Yes,&nbsp;
2253,"Robert Bates Inc., dba Bobs Tire Co.",Robert Bates,PO Box 1090,Mattapoisett,MA,5089978545,2025,S,No,&nbsp;
2785,Robert Blanchard dba Robert Blanchard Excavating,Robert Blanchard,P.O. Box 128,Washington,VT,8023718696,2025,S,No,&nbsp;
438,Robert Hooker dba Rons Trucking Partnership,Robert Hooker,1265 Spaulding Rd,St Johnsbury,VT,8027484818,2025,S,No,&nbsp;
2536,"Rocklake, LLC",Mike Pratt,PO Box 345,Montgomery Center,VT,8023263171,2025,S,No,&nbsp;
111,Rodney&#39;s Rubbish LLC,Rodney Companion,3801 Waterbury-Stowe Road,Waterbury Center,VT,8027933640,2025,S,No,&nbsp;
1071,Roger Vesper dba Have Trash Will Travel &amp; Trucking,Billie-Jean Vesper,4973 VT Rte. 14,South Royalton,VT,8023564396,2025,S,No,&nbsp;
2159,Ron Fenoff Excavating LLC,Kimberly McNamara,366 Duck Pond Rd,Waterford,VT,8027487888,2025,S,No,&nbsp;
440,"Ross Transportation Services, Inc.",Dawn Palmer,36790 Giles Road,Grafton,OH,4407485900,2025,H,No,&nbsp;
2430,Rouses Point Sanitation LLC,Andrea Mossey,6 Coton Lane,Champlain,NY,5185690246,2025,S,No,&nbsp;
443,"Rowley Fuels, Inc.",Leslie Rowley,P.O. Box 21,Milton,VT,8028937952,2025,H,No,&nbsp;
2548,Russell &amp; Son LLC,Russell Santamore,PO Box 268,Warren,VT,8024317275,2025,S,No,&nbsp;
446,Rutland County Solid Waste District,Mark Shea,2 Greens Hill Lane,Rutland,VT,8027757209,2025,HS,No,&nbsp;
2543,"RYDER Restoration, Inc. dba SERVPRO of Cheshire County, Windham &amp; Windsor Cos., Barre, Montpelier",Melissa Paul,140 Old Route 12E,Westmoreland,NH,6033527251,2025,SR,No,&nbsp;
1091,S.D. Ireland Brothers Corporation,Byron Furman,PO Box 2286,South Burlington,VT,8023160363,2025,S,No,&nbsp;
2128,S.W.M. Corporation,Guillermo Leon Munoz Castrillion,"1 Dix Street, Apt. 1",Revere,MA,6179593529,2025,SR,No,&nbsp;
452,"Safety-Kleen Systems, Inc.",Colleen Costello,42 Longwater Drive,Norwell,MA,781-792-5787,2025,HRSM,No,&nbsp;
1038,Sam Carter dba Cloud&#39;s Path Farm,Eliza Perreault,491 Hod Brooks Road,Sheffield,VT,8022747177,2025,s,Yes,&nbsp;
2427,"Sam Duffy dba Take it Away, Sam!",Sam Duffy,73 Little Pond Rd,Londonderry,VT,8023809760,2025,S,No,&nbsp;
2388,Sam Longmoore dba North Country Clean Out,Sam Longmoore,2362 Leighton Hill Rd,Wells River,VT,8025350489,2025,S,No,&nbsp;
2524,Samm Consulting LLC,Ron Stark,2 Old Country Road,Winhall,VT,8028399302,2025,S,No,&nbsp;
2438,"Sam&#39;s Service Center &amp; U-Save Fuels, Inc.",Amy Proctor,352 VT Rte 4A E,Fair Haven,VT,8022653608,2025,S,No,&nbsp;
971,Sandberg Enterprises LLC dba Cookeville Compost,Robert Sandberg,PO Box 466,Corinth,VT,8024395563,2025,S,No,&nbsp;
336,Sandra Marsh dba Floyd&#39;s Rubbish Removal,Sandra Marsh,9 Quinttown Road,Orford,NH,6033539327,2025,S,No,&nbsp;
2685,SBC Property Maintenance LLC,Samuel B Clement Jr,524 Stebbins Road,Vernon,VT,8023801317,2025,S,No,&nbsp;
460,"Schofields Septic Tank Service, Inc.",Kevin C. Schofield,1121 Route 302,Lisbon,NH,6038386028,2025,R,No,&nbsp;
1096,"SCOTT SMITH TRUCKING, INC.",LAURALEE SMITH,PO BOX 616,WILLIAMSTOWN,MA,4135537162,2025,S,No,&nbsp;
2112,SDJ Services of Pelham LLC,Gerald J. Dallaire,PO Box 304,Sandown,NH,9788157859,2025,SR,No,&nbsp;
2219,"Second Act Transition Services, L3C",Donald Rathgeb Jr.,16 Sunset Drive,Burlington,VT,8025787485,2025,S,No,&nbsp;
925,Septic Pro LLC,Stephen Pro,PO Box 364,Keene,NH,8022545400,2025,R,No,&nbsp;
466,"Sheldon Oil Services, Inc.",Guy Sheldon,P.O. Box 839,Nassau,NY,5187662864,2025,H,No,&nbsp;
697,Shred This Inc.,Stephen Millette,PO BOX 2123,So. Burlington,VT,8028633003,2025,S,No,&nbsp;
990,Shred-Ex LLC,Todd Klimoski,529 Jasper Mine Road,Colchester,VT,8028630404,2025,S,No,&nbsp;
449,SJ TRANSPORTATION CO. INC,MARY ANN LEE,"PO Box 169, 1176 US Route 40",Woodstown,NJ,8568075234,2025,HRSM,No,&nbsp;
2359,"Sleep Well Recycling, LLC.",Joshua Costa,525 Riverside Ave,Burlington,VT,6033212335,2025,S,No,&nbsp;
2761,Southern Vermont Waste Removal LLC,Keegan Babson,PO Box 1003,Bennington,VT,8024422245,2025,S,No,&nbsp;
2734,"Southworth-Milton, Inc. dba Milton-CAT",Ward Butler,150 CAT Lane,Richmond,VT,8024347805,2025,HS,No,&nbsp;
2757,SPC Enterprise LLC,Shawn Connors,286 Black Hill Road,Plainfield,CT,4016481517,2025,S,No,&nbsp;
2459,Sprockets Limited Liability Company,Steve Connolly,42 Union Street,Windsor,VT,8022911063,2025,S,No,&nbsp;
1010,SRS National LLC,Tamara L. Plourd or James Beaudoin,199 Lazy Lane,Southington,CT,8606289993,2025,S,No,&nbsp;
932,"St. Onge Transport, Inc.",Daniel St. Onge,PO BOX 1472,Derby,VT,8023343044,2025,S,No,&nbsp;
644,"Stearns Septic Service, LLC",Brian / Tina Stearns,PO Box 1167,Grantham,NH,6034429500,2025,R,No,&nbsp;
476,Stericycle Inc.,Marvin Bowers,7273 State Road 76,Neenah,WI,9209677156,2025,SM,No,&nbsp;
498,Steve Loud dba Timberwolf Rubbish Removal,Steve Loud,10 Holly Street,Woodsville,NH,6039918182,2025,S,Yes,&nbsp;
479,"Steve&#39;s Septic Service, LLC",Steven P. King,481 Stebbins Road,Vernon,VT,8022571619,2025,R,No,&nbsp;
846,"Stone Industries, LLC",Stephanie Schroder-Loveland,4305 Route 50,Saratoga Springs,NY,5185841048,2025,R,No,&nbsp;
2597,Stones&#39; Septic LLC,Brian Stone,39 Goodell Ave,Swanzey,NH,6033135002,2025,SR,No,&nbsp;
2504,Straight Flush LLC,Derek Flint,790 Winchester Hill Road,Williamstown,VT,8023690051,2025,R,No,&nbsp;
1073,"Strategic Environmental Services, Inc.",Laura Gaspa,362 Putnam Hill Road,Sutton,MA,5087577782,2025,HS,No,&nbsp;
2605,Sun Environmental Corp.,Sun Environmental Corp.,4655 Crossroads Park Drive,Liverpool,NY,3156797731,2025,HSR,No,&nbsp;
2748,Sunrise Property Maintenance LLC.,Justin French,51 North Road,Milton,VT,8023737761,2025,S,No,&nbsp;
2285,SVCS Inc.,Ryan Walton,28 South Main Street,Rutland,VT,8025859783,2025,S,No,&nbsp;
1072,Sylvester&#39;s Trucking LLC,Benjamin W. Sylvester,482 Jay Road,Richford,VT,8028483413,2025,SR,No,&nbsp;
195,T &amp; C Franklin Inc. dba Franklin &amp; Son Rubbish Removal,Cheryl Franklin,368 Franklin Rd,Vernon,VT,8022574915,2025,S,No,&nbsp;
1019,T&amp;T Repeats LLC,Thomas Moore,65 Prospect Street,Montpelier,VT,8022241360,2025,S,Unknown,&nbsp;
928,Tank Out LLC,Tim Mack,256 Jericho Road,Essex Junction,VT,8027357880,2025,SH,No,&nbsp;
2187,"Taplin Septic Pumping and Portable Toilets, LLC (formerly Hans Laggis dba Taplins Septic Service &amp; R",Hans Laggis,PO Box 731,Barton,VT,8026730213,2025,RS,No,&nbsp;
490,"TCI of NY, LLC",Lisa Leone-Beers,PO Box 936,Coeymans,NY,5187569997,2025,HS,No,&nbsp;
2679,"TDI Repair Facility, LLC",Adam Bartemy,50 Babbie Boulevard,Swanton,VT,8028685270,2025,HS,No,&nbsp;
2568,"Thayer Transport, LLC",Stacey,470 Creek Road,Wallingford,VT,8025586146,2025,S,No,&nbsp;
1104,"The Cleaning Crew, Inc.",Robert Montgomery,PO Box 90,Killington,VT,8024222300,2025,S,No,&nbsp;
5,"The Melanson Company, a Tecta America Company, LLC",Kim Ryea,252 Avenue C,Williston,VT,8028626473,2025,S,No,&nbsp;
1063,The University of Vermont,Dorian Evans,667 Spear Street,Burlington,VT,8026560767,2025,HMS,No,&nbsp;
307,Thomas C. LaRose dba LaRose Public Trucking,Thomas LaRose,PO Box 753,St Johnsbury,VT,8027488424,2025,S,No,&nbsp;
1081,Thomas G. Sweet dba Tom&#39;s Rubbish Removal,Thomas G. Sweet,106 Nelson Road,Bennington,VT,8024425536,2025,S,Unknown,&nbsp;
974,Tim Hewitt dba Preferred Restrooms,Tim Hewitt,211 Frank Lord Road,Shrewsbury,VT,8025588955,2025,R,No,&nbsp;
2508,Tiny&#39;s Trash Services and Hauling LLC,Tim Belden,32 W. Corinth Rd,Washington,VT,8025225089,2025,S,No,&nbsp;
1027,Todd Weber dba Weber&#39;s Trash Removal,Kayla Brownell,PO Box 4498,Bennington,VT,5189376823,2025,S,No,&nbsp;
801,"Tom Bodette Landscaping &amp; Excavating Inc., dba Bodette Septic Service",Leslie Bodette,6 LOWER PLAINS RD,MIDDLEBURY,VT,8027709276,2025,R,No,&nbsp;
505,Tourville Trucking LLC,Lee Tourville,PO Box 246,Jericho,VT,8028992009,2025,S,No,&nbsp;
2221,Town of Westmore,Dan Sicard,54 Hinton Hill Road,Orleans,VT,8025253007,2025,S,No,&nbsp;
880,Tracy Hubbard dba Hubbard&#39;s Septic Service &amp; Portable Restrooms,Tracy Hubbard,345 Dailey Place,Rutland,VT,8027732045,2025,R,No,&nbsp;
2217,Tradebe Transportation LLC,"Peter Olsen, Director of Transportation","1433 E 83rd Avenue, Suite 200",Merrillville,IN,2035372503,2025,HS,No,&nbsp;
522,"Tradebe Treatment and Recycling Northeast, LLC","Peter Olsen, Director of Transportation",234 Hobart Street,Meriden,CT,2035372503,2025,HS,No,&nbsp;
2380,Transform Vermont Compost Connection LLC,Shawn Pontbriand,1121 Cox Brook Road,Northfield,VT,8023639789,2025,S,Yes,&nbsp;
2322,Transport Lamarche Inc.,"Eric Lamarche, Vice President",769 Rue Jette,"Acton Vale, Quebec",CN,4502783036,2025,R,No,&nbsp;
2256,Trash Services LLC,Steve and Susan Pratt,PO Box 338,East Barre,VT,8025953445,2025,S,No,&nbsp;
2714,Trash Talkers Waste Management Corporation,Evan Johnson,PO Box 84,Websterville,VT,8028399044,2025,S,No,&nbsp;
2185,Travis Eurbin dba Eurbin Design &amp; Home Improvement,Travis Eurbin,PO Box 504,Barton,VT,802-525-4663,2025,S,No,&nbsp;
2335,Travis Gilman dba Keep It Green Compost,Travis Gilman,376 Delano Road,Irasburg,VT,8026736728,2025,S,No,&nbsp;
2558,Trident Environmental Group LLC,Lisa Raye,15 SHIRE DR,Norfolk,MA,5082293545,2025,HS,No,&nbsp;
944,"Triple L Lumber Co., Inc.",Leon O. Wilson,64 Foster Hill Road,Henniker,NH,603-428-3500,2025,S,No,&nbsp;
511,"Tri-S Environmental Services, Inc.",Mike Kopeski,25 Pinney Street,Ellington,CT,8608752110,2025,H,No,&nbsp;
514,Triumvirate Environmental LLC,Donna McLean,200 Innerbelt Road,Somerville,MA,6176288098,2025,HSM,No,&nbsp;
602,Twin State Management LLC dba Ruggiero Trash Removal,John Williams,PO Box 434,Saxtons River,VT,8028692235,2025,S,No,&nbsp;
723,"U.S. Bulk Transport, Inc.",Kimberly Bayhurst,205 Pennbriar Drive,Erie,PA,8148249949,2025,HRS,No,&nbsp;
879,Univar Solutions USA LLC dba Univar Solutions USA,Tamisha Howard,"3075 Highland Parkway, #200",Downers Grove,IL,7086167035,2025,HS,No,&nbsp;
2350,Upper Valley Compost LLC,Roger Myott,171 jeff heights circle,Jeffersonville,VT,8022381703,2025,S,No,&nbsp;
2786,Upper Valley Septic Professionals LLC,Jason Quenneville,107 BLUEBERRY HILL DR,Hanover,NH,6034485000,2025,R,No,&nbsp;
1103,"US Environmental, Inc",Edward W Wisneski,409 Boot Rd,Downingtown,PA,6109569074,2025,HSR,No,&nbsp;
2650,"Vac Truck Services of New England, LLC",Denise LaPierre,6 Point Breeze Rd,Uncasville,CT,8602661816,2025,HS,No,&nbsp;
2119,Van Denton dba Denton &amp; Son,Van Denton,64 Paintworks Road,Brandon,VT,8022478340,2025,S,No,&nbsp;
246,Vaughn Hodgdon dba Vaughn Hodgdon Trucking,Nicole Hodgdon,1025 US Route 2,Guildhall,VT,8025356261,2025,S,No,&nbsp;
17,"Veolia ES Technical Solutions, LLC",Denise Krous,1 Eden Lane,Flanders,NJ,9736917321,2025,HMS,No,&nbsp;
2289,"Vermont Compost Company, Inc.","Sid Hammer, Director of Operations",1996 Main Street,Montpelier,VT,802-371-9549,2025,S,No,&nbsp;
996,Vermont Shred LLC,Jon LaShure,49 Torrie Dr,Swanton,VT,8023093591,2025,SM,No,&nbsp;
527,"Vermont Transco LLC (Vermont Electric Power Company, Inc.)",Thomas Veysey,366 Pinnacle Ridge Road,Rutland,VT,8027726218,2025,HS,No,&nbsp;
2498,Vermont Trash Removal LLC,Tilar Amidon,PO Box 125,North Springfield,VT,8025910095,2025,S,Yes,&nbsp;
531,"Vershire, Town of","Town Clerk, Gene Craft",6894 VT Route 113,Vershire,VT,8026852227,2025,S,No,&nbsp;
976,Vertecero LLC dba Ace Trash,Jonathan Skates,PO Box 161,Stowe,VT,8022539222,2025,S,Yes,&nbsp;
2546,"VLS Lancaster, LLC.",Krista Hemming,1076 Manheim Pike,Lancaster,PA,7173932627,2025,HSR,No,&nbsp;
2640,"VR Logistics Services, LLC",Joshua Capraro,133 Boston Post Road,Weston,MA,9784377509,2025,S,No,&nbsp;
2316,"VTUMS Vermont Utility Management Services, LLC",Jill Marsano,P.O. Box 152,Hinesburg,VT,8023772316,2025,SR,No,&nbsp;
2641,W. Carrera Soil Management Corp,Bruna Martins,132 Whittemore Street,Tewksbury,MA,9786087899,2025,S,No,&nbsp;
2264,"W. Hook Septic, LLC dba Silloway Septic Service",Emmy Jarvis,82 East Randolph Rd,Chelsea,VT,802-728-5308,2025,R,No,&nbsp;
859,"W.C. Gurrisi &amp; Sons, Inc.",Linda Vining,0 Corwin Street,Peabody,MA,9788186248,2025,S,No,&nbsp;
844,W.L. French Excavating Corporation,Mark Sargent or Diarmuid Gallagher,14 Sterling Road,Billerica,MA,9786632623,2025,SR,No,&nbsp;
766,"Wagner&#39;s Sales &amp; Service, Inc., dba Wagner&#39;s Construction",GEORGE R. JR &amp; TAMMY WAGNER,62 Burke Hill Road,West Burke,VT,8024673372,2025,S,No,&nbsp;
2768,"Walker Construction, Inc.",Katherine Walker,5950 Waterbury-Stowe Road,Waterbury Center,VT,8022447400,2025,S,No,&nbsp;
908,Walter LaRochelle dba Gator Trucking,Walter LaRochelle,151 Kelly Road,Dayville,CT,8602081846,2025,S,No,&nbsp;
770,"Washington Electric Cooperative, Inc.",Louis Porter,PO Box 8,East Montpelier,VT,8022235245,2025,H,No,&nbsp;
535,"Waste Management of NH, Inc. (dba Cheshire Sanitation)",Shawn Hood,25 Monadnock Highway,Swanzey,NH,6033521035,2025,SR,Yes,&nbsp;
2500,Wasted* Public Benefit Corporation,Thor Retzlaff,491 Industrial Ave,Williston,VT,8023433724,2025,R,No,&nbsp;
2598,Waterbury Fix it LLC dba Waterbury Carpenter,Damian Roman,161 South Main Street,Waterbury,VT,8027354444,2025,S,Yes,&nbsp;
985,Wayne Frenette dba Wayn-o&#39;s Disposal Service,Wayne/Tricia Frenette,PO Box 555,Lancaster,NH,6037882342,2025,S,Yes,&nbsp;
2461,Weed Precast LLC DBA PumpTech,Linda Dimmick,187 South Main street,Newport,NH,8027289170,2025,RS,No,&nbsp;
540,West Central Environmental Corp,Joseph D. Murphy,P.O. Box 83,Rensselaer,NY,5182726891,2025,HS,No,&nbsp;
542,Western Oil Inc.,Jared Raftery,PO Box 518,Lincoln,RI,4017278600,2025,HS,Yes,&nbsp;
2247,Wetherby&#39;s Trash Removal LLC,John Wetherby,16 Gulf Road,Richford,VT,8028483550,2025,S,No,&nbsp;
2746,"White Falcon Solutions, LLC",Lathrop Brownell,70 S Water Street,Vergennes,VT,8023160529,2025,S,No,&nbsp;
691,"White Mountain Resource Management, Inc., dba Resource Management, Inc.",Maria Feraco,1171 NH Rte 175,Holderness,NH,6035368900,2025,RS,No,&nbsp;
2189,White&#39;s Septic Service VT LLC,Adrian Dutkewych,259 Old Cherry Mountain Road,Jefferson,NH,6036310660,2025,R,No,&nbsp;
548,"Whitney Trucking, Inc.",Dan Whitney/Michele,576 Pine Meadow Road,Northfield,MA,4134985591,2025,RS,No,&nbsp;
1083,Wind River Environmental LLC,Steve LaPorte,"46 Lizotte Drive, Suite 1000",Marlborough,MA,6177749098,2025,RS,No,&nbsp;
704,Windham Solid Waste Management District,"Vicki Hayes, Anita Grant",327 Old Ferry Road,Brattleboro,VT,802-257-0272,2025,S,No,&nbsp;
752,Winterbottom Trucking LLC,Darlene Harvey,PO Box 62,West Chazy,NY,5185692974,2025,S,No,&nbsp;
661,Working Dog Septic Service Inc.,Lawrence Young Jr.,504 Fletcher Road,Cambridge,VT,802-343-1657,2025,R,No,&nbsp;
2234,World Resources Company,"Dale Schneck, Vice President",170 Walnut Lane,Pottsville,PA,5706224747,2025,HRS,No,&nbsp;
2695,Wright&#39;s Roll-Off LLC,Wade Wright Jr.,221 Cross Road,Barton,VT,802-673-7342,2025,S,No,&nbsp;
769,"WRS Environmental Services, Inc. dba Champion Environmental Services",Courtney Lampasona,65 Corporate Drive,Holtsville,NY,631-924-8111,2025,HRS,No,&nbsp;
2151,Wyman-Frasier Lumber Mill Inc.,Jon Wyman,158 Wyman Road,Brandon,VT,802-770-9113,2025,S,No,&nbsp;
1065,Zampini Associates LLC,Donna Cauti or Dino Zampini,PO Box 39,Reading,VT,8024849312,2025,S,No,&nbsp;
